Store,Description,SalesDollars,CumulativeSales,CumulativePerc,Category
16,Capt Morgan Spiced Rum,8613.18,8613.18,3.4656578311205304,A
16,Canadian Club,5097.05,13710.23,5.516541621789354,A
16,Canadian Ltd,5014.22,18724.45,7.534097368907281,A
16,Jack Daniels No 7 Black,4836.89,23561.34,9.480301408155107,A
16,Crown Royal,4168.69,27730.03,11.157643939486606,A
16,Absolut 80 Proof,3935.1699999999996,31665.199999999997,12.741025771433756,A
16,Black Velvet Canadian Whisky,3902.22,35567.42,14.311149616721464,A
16,Jim Beam,3205.22,38772.64,15.600823789728894,A
16,Smirnoff 80 Proof,2710.72,41483.36,16.691527571140064,A
16,Kahlua,2640.6099999999997,44123.97,17.754021414927745,A
16,Tanqueray,2523.0,46646.97,18.76919289722779,A
16,Baileys Irish Cream,2502.57,49149.54,19.776144025432156,A
16,Jose Cuervo Especial,2156.0299999999997,51305.57,20.643658956460047,A
16,Tito's Handmade Vodka,2152.12,53457.69,21.509600633228803,A
16,Jagermeister Liqueur,2131.4,55589.090000000004,22.367205269524607,A
16,Ketel One Vodka,2004.33,57593.420000000006,23.17368115423268,A
16,Jim Beam Traveler,1991.11,59584.530000000006,23.974837749604234,A
16,Grey Goose Vodka,1983.1499999999999,61567.68000000001,24.77279150510298,A
16,Fleischmanns Royal Vodka,1897.64,63465.32000000001,25.53633887397807,A
16,Zhenka 80 Proof,1698.3000000000002,65163.62000000001,26.21967844131464,A
16,Burnetts Vodka,1697.29,66860.91,26.902611618164833,A
16,Kamora Coffee,1688.82,68549.73000000001,27.58213674806494,A
16,Jameson Irish Whiskey,1652.07,70201.80000000002,28.24687489739647,A
16,Bacardi Superior Rum Trav,1591.08,71792.88000000002,28.887072694486424,A
16,Pinnacle Vodka,1566.99,73359.87000000002,29.51757747492612,A
16,Dr McGillicuddy's Mentholmnt,1531.57,74891.44000000003,30.13383042266543,A
16,Fireball Cinnamon Whisky,1449.11,76340.55000000003,30.716904202576575,A
16,Platinum 7X Distilled Vodka,1400.82,77741.37000000004,31.2805476888372,A
16,Dewars White Label,1389.57,79130.94000000005,31.83966454839316,A
16,Midnight Moon Apple Pie,1379.31,80510.25000000004,32.39465312439446,A
16,Gilbeys London Dry,1360.91,81871.16000000005,32.94223815094101,A
16,Skyy Vodka,1337.06,83208.22000000004,33.48022672887367,A
16,Bacardi Superior Rum,1271.35,84479.57000000005,33.991775783182895,A
16,Makers Mark,1240.53,85720.10000000005,34.490923892155415,A
16,Grand Marnier,1211.29,86931.39000000004,34.97830679536398,A
16,Amaretto DiSaronno,1203.38,88134.77000000005,35.46250697704065,A
16,Bentley's Vodka,1177.86,89312.63000000005,35.93643875751704,A
16,Johnnie Walker Red Label,1162.1,90474.73000000005,36.40402923693871,A
16,Canadian Mist,1113.24,91587.97000000006,36.851960073623495,A
16,Beefeater,1072.6,92660.57000000007,37.283538722816935,A
16,Calico Jack Spiced Rum,1052.19,93712.76000000007,37.70690506525105,A
16,Stolichnaya,1048.6,94761.36000000007,38.12882691080786,A
16,Bombay Sapphire Gin,1028.62,95789.98000000007,38.542709467337176,A
16,Gordons Vodka 80 Proof,1026.21,96816.19000000008,38.95562231983465,A
16,Smirnoff Traveler,971.4599999999999,97787.65000000008,39.346505589036084,A
16,Cavit Pinot Grigio,968.2,98755.85000000008,39.7360771424102,A
16,Gilbeys Vodka,955.61,99711.46000000008,40.12058289754327,A
16,Svedka Vodka,955.18,100666.64000000007,40.504915634944524,A
16,Mr Boston Blackberry Brandy,902.16,101568.80000000008,40.867914883645206,A
16,Malibu Rum,889.3199999999999,102458.12000000008,41.22574774240029,A
16,Patron Silver Tequila,852.63,103310.75000000009,41.56881776259589,A
16,Jose Cuervo Especial Silver,835.5899999999999,104146.34000000008,41.90503145220947,A
16,Crown Royal Regal Apple,829.67,104976.01000000008,42.23886313025937,A
16,Johnnie Walker Black Label,823.84,105799.85000000008,42.5703490097592,A
16,Jack Daniels Tennessee Honey,820.71,106620.56000000008,42.90057548111809,A
16,Wild Turkey 101,819.74,107440.30000000009,43.23041165666333,A
16,Seagrams VO,797.6199999999999,108237.92000000009,43.551347478190145,A
16,Absolut Citron,762.55,109000.47000000009,43.858172295402944,A
16,Jenkins Rum,754.31,109754.78000000009,44.161681610033845,A
16,The Glenlivet 12 Yr Single,749.84,110504.62000000008,44.463392344987405,A
16,Clos du Bois Chard,744.48,111249.10000000008,44.76294639379547,A
16,MezzaCorona Pnt Grigio,736.33,111985.43000000008,45.05922115303526,A
16,Gordons London Dry,731.47,112716.90000000008,45.35354040953863,A
16,Capt Morgan Spiced Rum 100,729.65,113446.55000000008,45.6471273584329,A
16,Three Olives Vodka,721.52,114168.07000000008,45.93744306509525,A
16,Allens Coffee Brandy,707.53,114875.60000000008,46.222129659971095,A
16,Capt Morgan Private Stock,704.77,115580.37000000008,46.50570572242873,A
16,Rumpleminze,670.72,116251.09000000008,46.7755811947269,A
16,Bacardi Gold Rum,670.48,116921.57000000008,47.0453600989887,A
16,Ryans Irish Cream,668.01,117589.58000000007,47.31414515720957,A
16,Mr Boston Coffee Brandy,659.34,118248.92000000007,47.579441695116714,A
16,New Amsterdam Gin,651.55,118900.47000000007,47.84160379551013,A
16,Franzia Tap Merlot,643.61,119544.08000000007,48.1005711033671,A
16,Barefoot Cab Svgn Cal,637.64,120181.72000000007,48.357136281319455,A
16,Luksusowa Potato Vodka,626.6999999999999,120808.42000000007,48.60929956628079,A
16,Mr Boston Light Rum,617.99,121426.41000000008,48.85795823625566,A
16,Bulleit Bourbon,616.74,122043.15000000008,49.1061139477078,A
16,Yukon Jack,612.5699999999999,122655.72000000009,49.35259178952807,A
16,The Dreaming Tree Cab Svgn,611.52,123267.24000000009,49.598647146189236,A
16,Sailor Jerry Spiced Navy Rum,599.7199999999999,123866.9600000001,49.83995457439573,A
16,Knob Creek Bourbon,598.2199999999999,124465.1800000001,50.080658452374934,A
16,Popov Vodka,597.54,125062.72000000009,50.32108872091777,A
16,Burnetts Gin,587.58,125650.30000000009,50.5575114159514,A
16,Seagrams 7 Crown,574.75,126225.05000000009,50.788771744707624,A
16,Southern Comfort,561.53,126786.58000000009,51.01471278412734,A
16,Tullamore Dew,560.85,127347.4300000001,51.24038021411069,A
16,Capt Morgan White,531.74,127879.1700000001,51.45433474601644,A
16,Smirnoff 80 Proof Traveler,520.55,128399.7200000001,51.663786793226635,A
16,Jenkins Vodka,519.45,128919.1700000001,51.87279623693679,A
16,Glen Ellen Chard RSV,517.26,129436.4300000001,52.080924497315124,A
16,Pinnacle Whipped Vodka,515.68,129952.11000000009,52.288417018120704,A
16,Dr McGillicuddy's Apple Pie,515.63,130467.74000000009,52.49588942058538,A
16,Franzia Sunset Blush Tap,501.64,130969.38000000009,52.69773271126354,A
16,Gilbeys Vodka Traveler,500.0,131469.3800000001,52.898916120359864,A
16,Gentleman Jack,494.87,131964.2500000001,53.098035387678856,A
16,Toasted Head Chard,494.54999999999995,132458.80000000008,53.297025897616024,A
16,Beringer Classic Wh Znfdl,494.4,132953.20000000007,53.49595605253047,A
16,Ezra Brooks,486.66999999999996,133439.87000000008,53.69177591194028,A
16,Trapiche Malbec Mendoza Oak,485.42,133925.2900000001,53.88709281282736,A
16,Old Crow,483.62,134408.9100000001,54.081685453441686,A
16,Castle Rock Pnt Nr,483.56,134892.4700000001,54.27625395204692,A
16,New Amsterdam Vodka,474.66999999999996,135367.1400000001,54.46724540963843,A
16,Corbett Canyon Pnt Grigio,467.6,135834.7400000001,54.655392133825316,A
16,Glenfiddich Special Rsv 12,463.92,136298.66000000012,54.84205814812125,A
16,Cointreau Liqueur,460.83,136759.4900000001,55.02748084894897,A
16,Lindemans Bin 45 Cab Svgn,457.5,137216.9900000001,55.2115636682721,A
16,The Famous Grouse,449.84999999999997,137666.8400000001,55.392568381436064,A
16,E & J Brandy VS,445.71999999999997,138112.5600000001,55.57191131964089,A
16,Zhenka Vodka 100 Proof,434.68,138547.2400000001,55.74681212817287,A
16,Cruzan Aged Dark Rum,432.71,138979.9500000001,55.920920274073,A
16,Black Box Cab Svgn,431.76,139411.7100000001,56.09464617149587,A
16,Belvedere Polish Vodka,429.90000000000003,139841.6100000001,56.26762366663688,A
16,Crown Royal Black,425.87,140267.4800000001,56.43897962350058,A
16,1800 Reposado Gold Tequila,425.24,140692.7200000001,56.610082089268815,A
16,Bowman Vodka,422.53000000000003,141115.2500000001,56.780094140959754,A
16,Leroux Blackberry Brandy,420.02,141535.27000000008,56.94909625193702,A
16,Emmets Irish Cream,419.75,141955.02000000008,57.117989723873386,A
16,Kinky Gold Liqueur,417.76,142372.7800000001,57.286082485841554,A
16,Sterling Vintners Cltn Chard,413.56,142786.34000000008,57.4524853071733,A
16,Hornitos Plata Tequila,407.82,143194.1600000001,57.616578542968625,A
16,Franzia Crisp White Tap,406.71,143600.87000000008,57.78022515159575,A
16,Almaden Chard Cal B/B,405.75,144006.62000000008,57.94348548807742,A
16,Hornitos Reposado Tequila,400.86,144407.48000000007,58.10477825081812,A
16,Smirnoff Vanilla Vodka,394.74,144802.22000000006,58.26360852863148,A
16,Almaden Cab Svgn Cal B/B,393.76,145195.98000000007,58.422044486963024,A
16,Bacardi Oakheart Spiced Rum,392.78,145588.76000000007,58.58008612581273,A
16,Teachers Highland Cream,391.86,145980.62000000005,58.73775758718969,A
16,Franzia Tap Chard,389.76,146370.38000000006,58.89458407824846,A
16,Belvedere Vodka,388.84999999999997,146759.23000000007,59.05104441550267,A
16,1800 Silver Tequila,386.87,147146.10000000006,59.206708066456855,A
16,J Lohr Riverstone Chard,385.65999999999997,147531.76000000007,59.36188485356104,A
16,Amaretto di Amore,384.16,147915.92000000007,59.51645809043793,A
16,Black Box Merlot Cal,381.82,148297.74000000008,59.67008978896024,A
16,Ravenswood Vints Blend Znfdl,377.46000000000004,148675.20000000007,59.82196716815524,A
16,Franzia Tap Cab Svgn,375.77,149050.97000000006,59.97316454742748,A
16,Franzia Tap Wh Znfdl Cal,374.76,149425.73000000007,60.123955536213366,A
16,Pinnacle Citrus Vodka,373.78,149799.51000000007,60.27435220551741,A
16,The Macallan 12 Yr Old,371.94,150171.45000000007,60.42400851987598,A
16,Capt Morgan Spiced Rum Trav,371.76,150543.21000000008,60.57359240820728,A
16,Jose Cuervo Lime Margarita,371.68,150914.89000000007,60.72314410719312,A
16,Taaka Vodka,370.61,151285.50000000006,60.872265273683496,A
16,Carolans Irish Cream,370.31,151655.81000000006,61.02126573012841,A
16,Bulleit 95 Rye,364.8,152020.61000000004,61.168049145405085,A
16,Beringer Classic Pnt Grigio,364.63,152385.24000000005,61.314764158322674,A
16,Jim Beam Black,361.89,152747.13000000006,61.46037668615841,A
16,Absolut Ruby Red,361.84,153108.97000000006,61.605969095653236,A
16,Black Box Pnt Grigio,358.82,153467.79000000007,61.75034635735713,A
16,Banfi Chianti Clsc RSV,358.75,153826.54000000007,61.89469545338374,A
16,Hendrick's Gin,355.90999999999997,154182.45000000007,62.037901827646685,A
16,Jack Daniels Bruins Glass Pk,355.88,154538.33000000007,62.18109613090508,A
16,F Coppola Diamond Chard,354.33000000000004,154892.66000000006,62.32366676559528,A
16,Dr McGillicuddy's Cherry,353.75,155246.41000000006,62.46600402753093,A
16,Jim Beam Maple,351.8,155598.21000000005,62.6075566741711,A
16,Lauders Scotch,350.78,155948.99000000005,62.74869890665671,A
16,Fireball Cinnamon Whiskey,349.65,156298.64000000004,62.88938646463777,A
16,Taylor Red Port,349.63,156648.27000000005,63.03006597528247,A
16,Capt Morgan Silver Spicd Rum,347.84,156996.11000000004,63.17002524932259,A
16,Clan MacGregor,346.79,157342.90000000005,63.30956203820362,A
16,Carlo Rossi Burgundy Calif,344.77,157687.67000000004,63.448286046111896,A
16,Franzia Burgundy Tap Red,343.78999999999996,158031.46000000005,63.586615734538356,A
16,Arrow Coffee Brandy,343.68,158375.14000000004,63.72490116261479,A
16,Myers Original Dark Rum,341.86,158717.00000000003,63.86245428308213,A
16,Ch Beauchene Cotes du Rhone,341.6,159058.60000000003,63.99990278817674,A
16,La Vieille Ferme Red Ventoux,340.55,159399.15000000002,64.13692880811223,A
16,DeKuyper Triple Sec,340.46000000000004,159739.61000000002,64.2739186150341,A
16,Canadian Regal,339.65999999999997,160079.27000000002,64.41058652850143,A
16,Mount Gay Eclipse,336.88,160416.15000000002,64.54613586221416,A
16,Straccali Chianti,334.67,160750.82000000004,64.6807959652587,A
16,Mr Boston Apricot Brandy,331.74,161082.56000000003,64.81427713352592,A
16,E & J XO Brandy,330.78,161413.34000000003,64.94737202964768,A
16,Jameson Caskmates,329.89,161743.23000000004,65.08010881930126,A
16,Almaden Merlot Cal B/B,329.8,162073.03000000003,65.21280939594119,A
16,Cecchi Sangiovese,328.55,162401.58000000002,65.34500701405838,A
16,Jeffersons Bourbon,322.88,162724.46000000002,65.47492321231643,A
16,La Merika Pnt Grigio Montery,314.65000000000003,163039.11000000002,65.60152793166074,A
16,Roscato Rosso,312.7,163351.81000000003,65.72734803570958,A
16,Smirnoff Raspberry Vodka,311.78999999999996,163663.60000000003,65.85280198595387,A
16,Fetzer Gewurz,309.69,163973.29000000004,65.97741096587995,A
16,Crown Royal Maple Whisky,308.87,164282.16000000003,66.10169000501512,A
16,M & R Sweet Vermouth,307.73,164589.89000000004,66.22551034597754,A
16,Remy Martin VSOP Cognac,306.36,164896.25000000003,66.34877944439904,A
16,F Coppola Black Label Claret,305.93,165202.18000000002,66.4718755250887,A
16,Tanqueray Sterling Vodka,305.86,165508.04,66.5949434401011,A
16,Black Velvet Traveler,304.64,165812.68000000002,66.71752046759532,A
16,Simi Chard,297.74,166110.42,66.837321164044,A
16,Courvoisier VS Cognac,295.81,166406.23,66.95634529253356,A
16,Kendall Jackson Chard Vt RSV,293.49,166699.72,67.07443593000491,A
16,Franzia Chillable Red Tap,292.79,166992.51,67.19224491070354,A
16,Yellow Tail Chard Ausl,290.63,167283.14,67.30918477907487,A
16,Laphroaig 10 Yr Single Malt,289.94,167573.08000000002,67.42584701434164,A
16,Ch St Jean Cab Svgn Cal,288.55,167861.63,67.54194995973113,A
16,Jameson Black Barrel,287.90999999999997,168149.54,67.65779539035697,A
16,Almaden Mt Rhine Calif B/B,287.82,168437.36000000002,67.77360460796918,A
16,Evan Williams Black Label B,287.32,168724.68000000002,67.88921264217231,A
16,Ice 101 Peppermint Schnapps,286.77,169011.45,68.0045993746254,A
16,DeKuyper Buttershots Schnaps,285.82,169297.27000000002,68.11960385860122,A
16,Chivas Regal,283.92,169581.19000000003,68.23384384562249,A
16,Old Smuggler P E T,283.83,169865.02000000002,68.3480476196301,A
16,Jaboulet Cotes du Rhone Par,283.77,170148.79,68.46222725162862,A
16,Canadian Club 1858,283.73,170432.52000000002,68.57639078895441,A
16,Ch St Jean Chard California,283.53,170716.05000000002,68.69047385291658,A
16,Cupcake Prosecco,280.71,170996.76,68.80342224245143,A
16,Kahlua Midnight,279.86,171276.62,68.91602862019083,A
16,Almaden Burgundy B/B,279.82,171556.44,69.0286189032575,A
16,Ch St Jean Merlot Cal,278.86,171835.3,69.1408229141787,A
16,DeKuyper Buttershots Schnpps,278.28000000000003,172113.58,69.25279355234535,A
16,Knob Creek Single Barrel Rsv,276.94,172390.52,69.36422501897562,A
16,Tequila Rose Liqueur,275.81,172666.33,69.47520181110133,A
16,Drambuie,274.65,172940.97999999998,69.58571185771794,A
16,RumChata Liqueur,272.65,173213.62999999998,69.69541717069815,A
16,John Begg Blue Cap,271.84,173485.46999999997,69.80479656655564,A
16,Seagrams Extra Dry Gin,271.84,173757.30999999997,69.91417596241313,A
16,Josh Cellars Cab Svgn Sonoma,270.82,174028.12999999998,70.02314494411605,A
16,Bella Sera Pinot Grigio Del,270.73,174298.86,70.13207771280537,A
16,Fleischmanns Royal Traveler,270.48,174569.34,70.24090988979012,A
16,Carlo Rossi Moscato Sangria,269.82,174839.16,70.34947650467485,A
16,Carpineto Dogajolo Tuscan Rd,269.73,175108.89,70.45800690654596,A
16,A by Acacia Pnt Nr Cal,263.84999999999997,175372.74000000002,70.5641713915261,A
16,Fleischmanns X Dry Gin,263.75,175636.49000000002,70.67029563982442,A
16,Ballantines,260.90999999999997,175897.40000000002,70.77527716635906,A
16,Boca Loca Cachaca,259.9,176157.30000000002,70.87985230240731,A
16,Ronrico Silver Rum,259.8,176417.1,70.98438720177376,A
16,Apothic Winemakers Red Blend,259.74,176676.84,71.08889795913112,A
16,Black Velvet Reserve,259.74,176936.58,71.19340871648848,A
16,Bombay Dry Gin,257.9,177194.47999999998,71.29717911890036,A
16,W Hill Chard Napa,257.88,177452.36,71.40094147397588,A
16,Barefoot Moscato Cal,256.55,177708.90999999997,71.50416868118319,A
16,Smirnoff Citrus Vodka,255.79000000000002,177964.69999999998,71.6070900896087,A
16,Il Bastardo Sangiovese Tosc,255.65,178220.34999999998,71.70995516667963,A
16,Capt Morgan Long Isl Tea RTD,251.85999999999999,178472.20999999996,71.81129527350963,A
16,Wild Turkey American Honey,251.85999999999999,178724.06999999995,71.91263538033964,A
16,Tortilla Gold Tequila Liquer,251.82,178975.88999999996,72.0139593924969,A
16,Pizzolato Pnt Grigio,251.64,179227.52999999997,72.1152109786269,A
16,The Naked Grape Pnt Nr,251.64,179479.16999999998,72.21646256475691,A
16,Menage a Trois Red,251.59,179730.75999999998,72.31769403254599,A
16,Jenkins Gin,249.25,179980.00999999998,72.41798396198051,A
16,Oban 14-Yr Single Malt,247.96,180227.96999999997,72.51775483821956,A
16,Kinky Liqueur,247.39,180475.36,72.61729636537224,A
16,Sauza Extra Gold Tequila,246.85,180722.21,72.7166206144431,A
16,Stone Cellars Cab Svgn,246.7,180968.91,72.81588450849122,A
16,Hiram Walker Coffee Brandy,245.86999999999998,181214.78,72.91481443808026,A
16,Jose Cuervo Golden Margarita,243.86999999999998,181458.65,73.01293963403289,A
16,Cupcake Cab Svgn,242.70000000000002,181701.35,73.11059406080825,A
16,Evan Williams Honey Reserve,240.81,181942.16,73.20748801429721,A
16,Cecchi Chianti Classico,240.79,182182.95,73.30437392044982,A
16,Russian Standard Original,239.88,182422.83000000002,73.40089367279788,A
16,Jadot Macon Villages Blanc,239.8,182662.63,73.49738123580047,A
16,Carnivor Cab Svgn,239.77,182902.4,73.59385672779852,A
16,Columbia Crest G E Cab Svgn,239.76,183142.16,73.69032819612839,A
16,Fish Eye Chard,239.56,183381.72,73.78671919109462,A
16,Southern Comfort 100 Proof,238.89,183620.61000000002,73.88284060029267,A
16,Starborough Svgn Bl Marlboro,237.72,183858.33000000002,73.97849124031342,A
16,Glen Ellen Cab Svgn RSV,237.66,184095.99000000002,74.0741177383251,A
16,Dr McGillicuddy's Root Beer,236.83,184332.82,74.16941027187765,A
16,Jim Beam Honey,235.39000000000001,184568.21000000002,74.26412339721203,A
16,Oyster Bay Svgn Bl Marlboro,231.81,184800.02000000002,74.35739604933725,A
16,Spellbound Cab Svgn Cal,229.82,185029.84000000003,74.4498679914943,A
16,R M Woodbridge Cab Svgn Cal,229.8,185259.64,74.54233188631495,A
16,Ardbeg 10 Yr Single Malt Sc,228.95000000000002,185488.59000000003,74.63445376934018,A
16,Black Box Pnt Nr,228.89,185717.48000000004,74.72655151035629,A
16,Canadian Ltd Traveler,228.69,185946.17000000004,74.81856877800877,A
16,Livingston Burgundy Calif,227.81,186173.98000000004,74.91023196286123,A
16,St Brendans Irish Cream,226.24,186400.22000000003,75.00126343180914,A
16,Lindemans Bin 50 Shiraz,225.77,186625.99000000002,75.0921057883525,A
16,Woodford Reserve Bourbon,224.93,186850.92,75.18261015676855,A
16,Phillips Seven Deadly Znfdl,224.85,187075.77000000002,75.27308233583916,A
16,Dewars Special Reserve 12 Yr,223.84,187299.61000000002,75.3631481244234,A
16,Sutter Home Wh Znfdl,223.23000000000002,187522.84000000003,75.45296846924856,A
16,Cutty Sark,222.89,187745.73000000004,75.54265200935552,A
16,Mark West Pnt Nr Sonoma,221.78,187967.51000000004,75.6318889222943,A
16,Beringer Classic Wh Merlot,221.76,188189.27000000005,75.72111778789669,A
16,Gekkeikan Sake,221.63,188410.90000000005,75.81029434581272,A
16,C Y Toro Frontera Malbec,220.75,188631.65000000005,75.89911682092875,A
16,Svedka Mango Pineapple Vodka,219.8,188851.45000000004,75.98755704756749,A
16,Baja Luna Black Raspberry,219.78,189071.23000000004,76.07598922686988,A
16,Jack Daniels Tennesse Fire,218.91,189290.14000000004,76.16407134704043,A
16,Hpnotiq Liqueur,217.89,189508.03000000006,76.25174305305644,A
16,Jack Daniels Winter Jack,217.86,189725.89000000004,76.33940268806788,A
16,Zhenka Vodka Plastic,216.89000000000001,189942.78000000006,76.4266720272657,A
16,M & R Asti,216.81,190159.59000000005,76.51390917711802,A
16,C Y Toro Front Cab/Merlot,216.74,190376.33000000005,76.6011181612931,A
16,Camarena Silver Tequila,215.89999999999998,190592.23000000004,76.6879891573409,A
16,Kapali Coffee,215.87999999999997,190808.11000000004,76.77485210605232,A
16,Calypso Spiced Rum,215.82,191023.93000000005,76.86169091275465,A
16,Cupcake Red Velvet,214.74,191238.67000000004,76.94809516329335,A
16,U V Vodka,213.87,191452.54000000004,77.0341493547002,A
16,Old Bushmills,212.89999999999998,191665.44000000003,77.11981325029342,A
16,Bogle Old Vine Znfdl Cal,212.81,191878.25000000003,77.205440932873,A
16,Bacardi Limon Rum,212.74,192090.99000000002,77.2910404497753,A
16,Bacardi Black,211.91,192302.90000000002,77.3763060022185,A
16,Antinori Toscana Rd,210.89999999999998,192513.80000000002,77.46116516417531,A
16,Hochstadter's Slow and Low,210.89,192724.69000000003,77.54602030246399,A
16,The Macallan Fine Oak 15 Yr,209.98,192934.67000000004,77.63050928694807,A
16,Tilia Malbec Mendoza,209.79,193144.46000000005,77.71492182173671,A
16,Smoking Loon Pnt Nr,209.73999999999998,193354.20000000004,77.79931423818444,A
16,Patron Anejo Tequila,208.96,193563.16000000003,77.88339280851396,A
16,MezzaCorona Pnt Nr,208.81,193771.97000000003,77.96741102382077,A
16,Cooks Extra Dry,208.72,193980.69000000003,78.05139302611394,A
16,Wente Morning Fog Chard,207.84,194188.53000000003,78.1350209456071,A
16,Sapling Vermont Maple Liquer,206.93,194395.46000000002,78.2182827112957,A
16,Cabo Wabo Blanco Tequila,205.94000000000003,194601.40000000002,78.3011461338343,A
16,Jim Beam Devils Cut Bourbon,203.92,194805.32000000004,78.38319677540014,A
16,Sambuca Romana,203.87,195009.19000000003,78.46522729862508,A
16,Cavit Riesling Trentino,203.84,195213.03000000003,78.54724575084546,A
16,Chambord Royale de France,199.92999999999998,195412.96000000002,78.62769094880672,A
16,Buffalo Trace Bourbon,199.92,195612.88000000003,78.7081321230998,A
16,Goldschlager Cinnamon Schnps,199.89999999999998,195812.78000000003,78.78856525005651,A
16,Jacquin Ginger Brandy,199.29000000000002,196012.07000000004,78.86875293325411,A
16,Veuve Clicquot Brut Yellow,198.95,196211.02000000005,78.94880381173354,A
16,Lindemans Bin 65 Chard,198.8,196409.82000000004,79.02879433519024,A
16,Bols Curacao Orange,197.78,196607.60000000003,79.10837444449238,A
16,Kraken Black Spiced Rum,196.91,196804.51000000004,79.1876044946627,A
16,DeKuyper Peachtree Schnapps,196.81,197001.32000000004,79.26679430815119,A
16,Bogle Merlot,195.32,197196.64000000004,79.34538459508057,A
16,Black Box Chard,194.88,197391.52000000005,79.42379784060996,A
16,F Coppola Diamond Merlot,194.87,197586.39000000004,79.50220706247117,A
16,Canadian Rich & Rare,192.83,197779.22000000003,79.57979545602325,A
16,Alice White Chard Ausl,191.84,197971.06000000003,79.65698550642533,A
16,Cabin Fever Maple Liqueur,191.82,198162.88000000003,79.73416750949104,A
16,Menage a Trois Midnight,191.79,198354.67000000004,79.81133744155221,A
16,Dr Loosen Rsl 'Dr L' M,190.85,198545.52000000005,79.88812914880428,A
16,Simi Cab Svgn,189.89,198735.41000000006,79.96453458391089,A
16,Almaden Chablis B/B,189.88,198925.29000000007,80.04093599534932,B
16,Kris Pnt Grigio Alto Adige,189.85,199115.14000000007,80.11732533578319,B
16,Cline Cashmere Red Cal,188.79,199303.93000000008,80.19328816738978,B
16,Bota Box Znfdl,187.89999999999998,199491.83000000007,80.26889289252817,B
16,Ravenswood Vntnrs Blnd Chard,187.53,199679.36000000007,80.34434874194385,B
16,Christian Bros Brandy,186.89,199866.2500000001,80.41954707659586,B
16,F Coppola Diamond Pnt Nr,185.34,200051.59000000008,80.4941217426797,B
16,Seagrams Extra Smooth Vodka,183.89,200235.4800000001,80.56811297687715,B
16,Alamos Ridge Malbec Mendoza,183.8,200419.2800000001,80.64206799806094,B
16,Josh Cellars Chard,181.86,200601.14000000007,80.71524242761745,B
16,Barefoot Chard Cal,181.42000000000002,200782.56000000008,80.78823981577396,B
16,Bacardi 151 Proof,179.91,200962.4700000001,80.860629630035,B
16,Midnight Moon,179.91,201142.3800000001,80.93301944429605,B
16,Bogle Petite Sirah,179.84,201322.2200000001,81.00538109287982,B
16,Black Box Shiraz Cntrl Coast,178.91,201501.1300000001,81.07736854032265,B
16,F Coppola Dmd Ivry Cab Svgn,178.55,201679.68000000008,81.14921113571096,B
16,Turning Leaf RSV Chard Cal,176.81,201856.49000000008,81.2203536128356,B
16,Zhenka Tropical Dark Rum,175.84,202032.33000000007,81.29110579414659,B
16,Da Vinci Pnt Grigio,175.33,202207.66000000006,81.36165276838031,B
16,MacMurray Ranch C Cst Pnt Nr,174.89,202382.55000000008,81.43202270121402,B
16,Glen Ellen Merlot RSV,174.75,202557.30000000008,81.50233630269318,B
16,Red Stag by Jim Beam,174.14,202731.4400000001,81.57240446041325,B
16,Ch Ste Michelle Merlot Colum,173.89,202905.3300000001,81.64237202642879,B
16,C Y Toro Frontera Cab Svgn,173.82,203079.1500000001,81.71231142676703,B
16,Beringer Classic Merlot,171.84,203250.9900000001,81.78145414080525,B
16,Zhenka Raspberry Vodka,171.84,203422.8300000001,81.85059685484347,B
16,Bacardi Mojito Cocktail,170.91,203593.7400000001,81.91936536774078,B
16,Folonari Pinot Grigio Venez,170.52,203764.2600000001,81.987976957579,B
16,Bota Box Cab Svgn,169.91,203934.1700000001,82.05634310365811,B
16,Simi Svgn Bl,169.83,204104.0000000001,82.12467706039175,B
16,Smoking Loon Pnt Grigio Cal,169.4,204273.40000000008,82.19283799939357,B
16,Ronrico Gold,168.87,204442.27000000008,82.26078568398178,B
16,Three Olives Cherry Vodka,168.87,204611.14000000007,82.32873336856997,B
16,Dr McGillicuddy's Butterscth,167.88,204779.02000000008,82.39628271000815,B
16,Arrow Ginger Brandy,167.76,204946.7800000001,82.46378376742814,B
16,Absolut Mini Bar 5/50mls,167.72,205114.5000000001,82.53126873017541,B
16,Eagle Rare Single Barrel Bo,166.94,205281.4400000001,82.5984398468045,B
16,Sobieski Vodka,166.91,205448.3500000001,82.66559889242903,B
16,Patron Reposado Tequila,165.96,205614.31000000008,82.73237568957629,B
16,Clos du Bois Cab Svgn N Cst,165.83,205780.14000000007,82.79910017903717,B
16,Sterling Vintners Cltn Merlo,164.86,205945.00000000006,82.8654343726844,B
16,Godiva Chocolate Liqueur,164.71,206109.71000000005,82.9317082113089,B
16,Zaccagnini Montepulciano Rsv,162.91,206272.62000000005,82.99725778966067,B
16,Wild Turkey,162.90999999999997,206435.53000000006,83.06280736801244,B
16,Baileys Chocolate Cherry,161.92,206597.45000000007,83.1279586032142,B
16,Korbel Brut,161.88,206759.33000000007,83.19309374374322,B
16,Baileys Irish Cream Mini's 4,161.82,206921.15000000008,83.25820474226316,B
16,Old Bushmills Irish Whiskey,160.96,207082.11000000007,83.32296970531945,B
16,DeKuyper Sour Apple Pucker,160.87,207242.98000000007,83.3876984553621,B
16,Bota Box Pnt Grigio Cal,159.92,207402.90000000008,83.45204495692747,B
16,Fireball Cinn Whisky Trav,159.9,207562.80000000008,83.51638341115647,B
16,Bogle Chard,159.84,207722.64000000007,83.58069772337639,B
16,Cruzan Mango Flavored Rum,159.84,207882.48000000007,83.6450120355963,B
16,Gascon Malbec Mendoza,158.86,208041.34000000005,83.70893202833436,B
16,Cupcake Merlot,158.31,208199.65000000005,83.77263071932244,B
16,Capt Morgan Black Spiced Rum,157.94,208357.59000000005,83.83618053458778,B
16,Gnarly Head Old Vine Znfdl,157.85999999999999,208515.45000000004,83.89969816050768,B
16,Basil Hayden Bourbon,155.96,208671.41000000003,83.96245128947301,B
16,Mr Boston Dark Rum,155.37,208826.78000000003,84.0249670220156,B
16,Liberty School Cab Svgn,155.35,208982.13000000003,84.08747470722182,B
16,Hennessey VS +VSOP 50mL,154.95,209137.08000000005,84.14982144570077,B
16,Corbett Canyon Chard,154.85,209291.93000000005,84.2121279474979,B
16,Olmeca Altos Reposado,153.92999999999998,209445.86000000004,84.2740642718223,B
16,Seaglass Svgn Bl Snt Barbara,153.84,209599.70000000004,84.33596438313306,B
16,Pinnacle Strawbry Kiwi Vodka,152.91,209752.61000000004,84.3974902933029,B
16,Inver House Green Plaid 3-Y,152.90999999999997,209905.52000000005,84.45901620347273,B
16,Stone Cellars Merlot,152.82,210058.34000000005,84.52050590062893,B
16,Stone Cellars Chard,152.81,210211.15000000005,84.58199157411694,B
16,Bols Blue Curacao,151.83,210362.98000000004,84.64308292812314,B
16,Angels Envy Whiskey,149.97,210512.95000000004,84.70342587984749,B
16,Stolichnaya Razberi,149.94,210662.89000000004,84.76375676056729,B
16,Jenkins Coffee Brandy,149.9,210812.79000000004,84.82407154661438,B
16,Mark West Chard Sonoma Cnty,149.85,210962.64000000004,84.88436621432054,B
16,M & R X Dry Vermouth,148.33,211110.97000000003,84.94404928446305,B
16,Jim Beam Rye,147.92,211258.89000000004,85.00356738421011,B
16,R M Woodbridge Svgn Bl Cal,147.88,211406.77000000005,85.06306938928444,B
16,Metcalfe's Vermont Maple,145.92999999999998,211552.70000000004,85.12178677906329,B
16,Carlo Rossi Paisano Calif,144.85,211697.55000000005,85.1800696126785,B
16,Masciarelli Montepulciano,144.85,211842.40000000005,85.2383524462937,B
16,Pyrat XO Reserve Rum,143.96,211986.36000000004,85.29627717344071,B
16,Rebel Yell,143.92999999999998,212130.29000000004,85.35418982958318,B
16,Absolut Raspberri,143.92,212274.21000000005,85.41209846205747,B
16,Cono Sur Vision Svgn Bl Csbl,143.88,212418.09000000005,85.46999099985902,B
16,Ninety+Cellars Lot 2 Svgn Bl,143.84,212561.93000000005,85.52786744298785,B
16,Catena Lunlunta Malbec Argn,142.93,212704.86000000004,85.58537773231212,B
16,Jack Daniels No 7 Black Trav,142.89000000000001,212847.75000000006,85.64287192696369,B
16,Sweet Baby Vyds Blueberry,142.89000000000001,212990.64000000007,85.70036612161523,B
16,Blackstone Merlot Cal,142.87,213133.51000000007,85.75785226893042,B
16,Cupcake Chard,141.33,213274.84000000005,85.81471877134557,B
16,WhistlePig 10 Yr Old Rye,139.98,213414.82000000007,85.8710420785562,B
16,Sambuca Romana Black,139.93,213554.75000000006,85.92734526742589,B
16,Madrigal Cab Svgn,139.92999999999998,213694.68000000005,85.98364845629557,B
16,Bogle Cab Svgn Cal,139.88,213834.56000000006,86.03993152682438,B
16,Fleischmanns Preferred,139.88,213974.44000000006,86.09621459735317,B
16,Black Velvet Toasted Caramel,139.86,214114.30000000005,86.15248962054557,B
16,Turning Leaf RSV Cab Svgn,139.85,214254.15000000005,86.20876062006981,B
16,A to Z Pnt Nr Ore,139.5,214393.65000000005,86.26489079120769,B
16,Kinky Blue Liqueur,138.92,214532.57000000007,86.32078758959102,B
16,Almaden B/B Wh Znfdl Cal,136.91,214669.48000000007,86.37587563066978,B
16,Wild Horse CC Pnt Nr,135.92,214805.40000000008,86.43056532859852,B
16,Cupcake Malbec,134.84,214940.24000000008,86.48482047036362,B
16,C Y Toro Frontera Chard,133.86,215074.10000000006,86.53868129264688,B
16,Agua de Piedra Malbec Selccn,132.88,215206.98000000007,86.59214779544833,B
16,Barefoot Pnt Grigio Cal,132.18,215339.16000000006,86.64533264147703,B
16,Livingston Cellars Red Rose,131.89000000000001,215471.05000000008,86.69840080112846,B
16,Smoking Loon Chard,131.85,215602.90000000008,86.75145286610716,B
16,R M Woodbridge Merlot Cal,130.89,215733.7900000001,86.80411865894041,B
16,Ecco Domani Pnt Grigio Venez,130.86,215864.65000000008,86.85677238076909,B
16,Manischewitz Concord Kosher,130.85,215995.5000000001,86.9094220789296,B
16,Cupcake Svgn Bl,130.84,216126.34000000008,86.96206775342192,B
16,Black Box Malbec,129.94,216256.2800000001,87.01435129777786,B
16,Lord Calvert Canadian,129.9,216386.18000000008,87.06661874746109,B
16,Barefoot Bubbly Pink Moscato,129.87,216516.05000000008,87.11887412613977,B
16,Sheffield Cream Sherry,129.87,216645.92000000007,87.17112950481845,B
16,Sterling Vintners Cltn Pnt N,128.89,216774.81000000008,87.2229905640153,B
16,Goslings Black Seal Bermuda,127.94999999999999,216902.7600000001,87.27447339840306,B
16,Erath Pnt Nr Oregon,127.92,217030.6800000001,87.32594416178627,B
16,Jack Daniels Tennessee Fire,127.68,217158.3600000001,87.3773183571331,B
16,Glenmorangie 10 Yr Scotch,125.97,217284.3300000001,87.42800450522084,B
16,Bacardi Gold Rum Traveler,125.92999999999999,217410.2600000001,87.47867455863583,B
16,Barefoot Refresh Sweet White,125.79,217536.0500000001,87.52928828069629,B
16,B & B Liqueur Dom,125.02999999999999,217661.0800000001,87.57959620397492,B
16,Stolichnaya Ohranj,124.94999999999999,217786.03000000012,87.62987193790808,B
16,Bushmills Irish Honey,123.94,217909.97000000012,87.67974128135488,B
16,DeKuyper Peachtree Trav,123.92,218033.89000000013,87.72960257746533,B
16,Crown Royal RSV,122.97,218156.86000000013,87.77908162509848,B
16,Speyburn 10-Yr Single Malt,122.94999999999999,218279.81000000014,87.82855262539526,B
16,Aberlour Glenlivet 12 Yr,121.97,218401.78000000014,87.87762930621022,B
16,Brancott Svgn Bl Marlboro,121.88,218523.66000000015,87.92666977401154,B
16,Zhenka Vodka,121.73,218645.39000000016,87.97564988679014,B
16,Banfi Pnt Grigio San Angelo,120.91999999999999,218766.31000000017,88.024304082446,B
16,R M Woodbridge Pnt Nr,120.89,218887.2000000002,88.0729462070973,B
16,Angeline Pnt Nr,120.42,219007.6200000002,88.12139921934407,B
16,Wolfschmidt Vodka 80 Proof,120.4,219128.0200000002,88.16984418425446,B
16,Dewars Highlander Honey,119.94,219247.9600000002,88.21810406042849,B
16,Early Times,119.94,219367.9000000002,88.26636393660252,B
16,Carlo Rossi Chablis Calif,119.92,219487.8200000002,88.3146157654402,B
16,Whitehaven Svgn Bl Marlboro,119.92,219607.74000000022,88.36286759427786,B
16,Sterling Vintners Cab Svgn C,119.9,219727.64000000022,88.41111137577916,B
16,Chi Chi's Margarita,119.88000000000001,219847.52000000022,88.45934710994409,B
16,Pavilion St Pierre Cdu Rhone,119.88,219967.40000000023,88.50758284410902,B
16,Rosemount Diamond Shiraz,119.86,220087.2600000002,88.55581053093759,B
16,Cribari Marsala,119.85000000000001,220207.11000000022,88.60403419409798,B
16,Sutter Home Merlot Cal,119.25,220326.36000000022,88.65201643716745,B
16,Calico Jack Coconut Rum,116.91,220443.27000000022,88.69905714188235,B
16,Cooks Brut,116.84,220560.11000000022,88.74606968091999,B
16,Vendange Cab Svgn,115.86,220675.9700000002,88.79268790047578,B
16,Ole Smoky White Lightnin',113.94,220789.9100000002,88.83853357574066,B
16,The Dreaming Tree Crush Red,113.91,220903.8200000002,88.88436718000098,B
16,Fish Eye Cab Svgn,113.79,221017.61000000022,88.93015250024312,B
16,Fish Eye Pnt Grigio,113.79,221131.40000000023,88.97593782048526,B
16,Don Julio Anejo Tequila,111.98,221243.38000000024,89.02099485678647,B
16,Barefoot Cellars Pink Moscat,111.92,221355.30000000025,89.06602775107861,B
16,Foxhorn SE Chard Australia,111.86,221467.16000000024,89.11103650336162,B
16,Riunite Lambrusco,110.92999999999999,221578.09000000023,89.15567105450373,B
16,Evodia Garnacha Old Vine,110.87,221688.96000000022,89.20028146363676,B
16,Deep Eddy Lemon Vodka,110.61,221799.5700000002,89.24478725739704,B
16,The Glenlivet 15Yr FrenchOak,109.98,221909.55000000022,89.28903956006187,B
16,McClelland Highland Sgl Malt,109.97,222019.52000000022,89.33328783905851,B
16,C Y Toro Casillero Carmenere,109.89,222129.41000000024,89.3775039287097,B
16,Smoking Loon Cab Svgn,109.88,222239.29000000024,89.4217159946927,B
16,Sambuca Romana Liqueur,109.45,222348.74000000025,89.46575504294391,B
16,Banfi Rosa Regale,108.92999999999999,222457.67000000025,89.50958486044964,B
16,Barefoot Merlot Cal,108.08,222565.75000000023,89.55307266615988,B
16,Scoresby Rare,107.94,222673.69000000024,89.59650414051559,B
16,Butter Chard,107.93,222781.62000000023,89.63993159120312,B
16,Marques de Riscal Rioja Red,107.93,222889.55000000022,89.68335904189065,B
16,Dry Sack Sherry,107.92,222997.47000000023,89.72678246891002,B
16,R M Woodbridge Chard Cal,106.91,223104.38000000024,89.76979950544299,B
16,Canadian Club Traveler,106.9,223211.28000000023,89.81281251830778,B
16,Arrow Peppermint Schnapps,106.84,223318.12000000023,89.85580138916349,B
16,Milagro Silver Tequila,105.96,223424.08000000022,89.89843617721917,B
16,Rodney Strong Cab Svgn,105.94,223530.02000000022,89.94106291793851,B
16,Toad Hollow Mendocino Chard,105.92,223635.94000000024,89.98368161132147,B
16,Korbel X Dry,105.92,223741.86000000025,90.02630030470445,B
16,Ice Box Mudslide,105.9,223847.76000000024,90.06891095075103,B
16,Highland Park 12 Yr Single,104.98,223952.74000000025,90.11115141932491,B
16,Stolichnaya Vanil,104.96,224057.70000000024,90.15338384056241,B
16,Yellow Tail Sangria,104.93,224162.63000000024,90.19560419079535,B
16,Schmitt Sohne Relax Mosel,104.91,224267.54000000024,90.23781649369194,B
16,Phillips Earthquake Cab Svgn,103.96,224371.50000000023,90.27964654811124,B
16,Baileys Salted Caramel,103.94999999999999,224475.45000000024,90.3214725788624,B
16,Lairds Apple Jack,103.93,224579.38000000024,90.36329056227714,B
16,Ch Ste Michelle Cab Svgn Col,103.92999999999999,224683.31000000023,90.4051085456919,B
16,Ketel One Citroen Vodka,102.97,224786.28000000023,90.4465402569612,B
16,Ruffino Chianti Clsc RSV Tan,102.94999999999999,224889.23000000024,90.48796392089415,B
16,Da Vinci Chianti Tuscany,102.9,224992.13000000024,90.52936746648615,B
16,Raspberry di Amore,102.39,225094.52000000025,90.57056580500091,B
16,Pinnacle Tropical Punch,101.94,225196.46000000025,90.61158307844747,B
16,La Marca Prosecco,101.93,225298.39000000025,90.65259632822584,B
16,Olmeca Altos Plata Tequila,100.96,225399.35000000024,90.69321928219055,B
16,Bacardi Twin Pack 2/750mls,99.94999999999999,225499.30000000025,90.73343584566894,B
16,Jose Cuervo Tradicional,99.94999999999999,225599.25000000026,90.77365240914729,B
16,Malibu Rum Punch RTD,99.94999999999999,225699.20000000027,90.81386897262564,B
16,Seghesio Znfdl Sonoma,99.94999999999999,225799.15000000029,90.85408553610401,B
16,Marques de Caceres Rioja Re,99.92,225899.0700000003,90.89429002857781,B
16,Ch St Jean Pnt Nr,99.5,225998.5700000003,90.93432552698799,B
16,Freixenet Cordon Negro Extr,98.91,226097.4800000003,90.97412362897542,B
16,Yellow Tail Moscato,98.89,226196.37000000032,91.0139136836265,B
16,Bota Box Chard Cal,97.94999999999999,226294.32000000033,91.05332551346848,B
16,Cabot Trail Cana Cream Maple,97.94999999999999,226392.27000000034,91.09273734331045,B
16,Franzia Chablis Old World C,97.94,226490.21000000034,91.13214514948423,B
16,Hardys Chard Ausl,97.93,226588.14000000033,91.17154893198985,B
16,Kendall Jackson Avant Chard,97.92999999999999,226686.07000000033,91.21095271449545,B
16,Salmon Run NY Rsl,97.91,226783.98000000033,91.25034844966468,B
16,Smirnoff Peppermint Twist,97.62,226881.60000000033,91.28962749845665,B
16,Camarena Reposado Tequila,95.97,226977.57000000033,91.3282426419986,B
16,Pinnacle Salted Caramel,95.91,227073.48000000033,91.36683364353146,B
16,Monkey Bay Svgn Bl,95.9,227169.38000000032,91.40542062139613,B
16,Ballatore Gran Spumante,95.88,227265.26000000033,91.44399955192445,B
16,Cono Sur Svgn Bl Cntrl Vly,95.88,227361.14000000033,91.48257848245275,B
16,DeKuyper Hot Damn Cinnamon,95.60000000000001,227456.74000000034,91.52104475027197,B
16,Sutter Home Chard,95.4,227552.14000000033,91.55943054472755,B
16,Jim Beam Kentucky Fire,94.59,227646.73000000033,91.59749042206039,B
16,DeKuyper Peppermint Schnapp,93.94,227740.67000000033,91.63528876096142,B
16,Smirnoff Green Apple Vodka,93.84,227834.51000000033,91.6730468631806,B
16,Souverain Cab Svgn N Cst,92.53,227927.04000000033,91.71027786486798,B
16,Spellbound Petite Sirah Cal,91.93,228018.97000000032,91.74726744646442,B
16,Melini Borghi D'Elsa Chiant,91.87,228110.84000000032,91.78423288605177,B
16,Rhum Barbancourt RSV Special,90.94999999999999,228201.79000000033,91.8208281481664,B
16,Three Olives Espresso Vodka,90.93,228292.72000000032,91.85741536294466,B
16,Absolut Vanilia,89.94999999999999,228382.67000000033,91.89360825824109,B
16,Ghost Pine Cab Svgn LMartini,89.94999999999999,228472.62000000034,91.92980115353751,B
16,Mumm Napa Brut Rose,89.94999999999999,228562.57000000036,91.96599404883396,B
16,Benchmark Old #8 Bourbon,89.94,228652.51000000036,92.0021829204622,B
16,Capt Morgan Cannon Blast,89.94,228742.45000000036,92.03837179209046,B
16,Viniq Shimmery Liqueur,89.94,228832.39000000036,92.0745606637187,B
16,William Grant Scotch,89.94,228922.33000000037,92.11074953534694,B
16,Irish Manor Irish Cream,89.9,229012.23000000036,92.14692231230246,B
16,Cupcake Pnt Grigio,89.89,229102.12000000037,92.1830910655898,B
16,Joseph Carr Cab Svgn Napa,89.75,229191.87000000037,92.21920348752259,B
16,Frangelico Hazelnut Liqueur,88.91,229280.78000000038,92.2549779213281,B
16,Bacardi Dragon Berry Rum,87.94,229368.72000000038,92.29036205931996,B
16,Citra Montepulciano,87.92,229456.6400000004,92.32573814997548,B
16,Smoking Loon Merlot,87.5,229544.1400000004,92.36094524656733,B
16,Sauza Tres Generacions Anejo,86.98,229631.1200000004,92.39594311241373,B
16,GranGala Triple Orange,86.94999999999999,229718.0700000004,92.43092890725558,B
16,Smirnoff Strawberry Vodka,86.93,229805.0000000004,92.46590665476107,B
16,Pinnacle Blueberry Vodka,86.92,229891.92000000042,92.50088037859837,B
16,Silverado Cab Svgn Napa,85.98,229977.90000000043,92.53547587762658,B
16,J Lohr Seven Oaks Cab Svgn,85.95,230063.85000000044,92.57005930565025,B
16,Appleton Special Gold Rum,85.94,230149.79000000044,92.60463871000572,B
16,Nobilo Svgn Bl MarlborougH,85.93,230235.72000000044,92.63921409069302,B
16,Klinker Brick Old Vine Znfdl,84.94999999999999,230320.67000000045,92.67339515189848,B
16,ChocoVine,84.93,230405.60000000044,92.70756816576758,B
16,Fish Eye Merlot,84.84,230490.44000000044,92.74170496662305,B
16,Cupcake Angel Food,84.39999999999999,230574.84000000043,92.7756647260785,B
16,Finlandia Vodka,84.37,230659.21000000043,92.80961241452943,B
16,Knob Creek Smoked Maple,83.97,230743.18000000043,92.84339915625306,B
16,Patron Citronge Orange Liqu,83.96,230827.14000000042,92.87718187430849,B
16,Bacardi Pineapple Fusion,83.95,230911.09000000043,92.91096056869578,B
16,Jesse James America's Outlaw,83.94,230995.03000000044,92.94473523941487,B
16,Jose Cuervo Strawberry Marg,83.94,231078.97000000044,92.97850991013397,B
16,Capt Morgan Parrot Bay Cocnt,83.93,231162.90000000043,93.01228055718488,B
16,Columbia Crest Grand Chard,82.92,231245.82000000044,93.0456448137494,B
16,Jacobs Crk Shrz/Cab Svgn,82.9,231328.72000000044,93.07900102297758,B
16,Malibu Passion Fruit Rum,81.94,231410.66000000044,93.11197096006028,B
16,Malibu Pineapple Rum,81.94,231492.60000000044,93.14494089714299,B
16,1800 Coconut Tequila,80.97,231573.57000000044,93.17752053841204,B
16,Bolla Valpolicella,80.94,231654.51000000045,93.21008810867656,B
16,R Mondavi Merlot Pvt Sel,80.91,231735.42000000045,93.24264360793653,B
16,Cabo Wabo Reposado Tequila,79.98,231815.40000000046,93.27482490605557,B
16,Sonoma-Cutrer Chard Sonoma,79.96,231895.36000000045,93.30699815683826,B
16,Santa Margherita Pnt Grigio,79.96,231975.32000000044,93.33917140762094,B
16,Midnight Moon Blackberry,79.96,232055.28000000044,93.37134465840363,B
16,Everclear 151,79.96,232135.24000000043,93.40351790918629,B
16,Taylor Fladgate LBV Port,79.95,232215.19000000044,93.43568713630081,B
16,Yellow Tail Shiraz/Cab Ausl,79.94,232295.13000000044,93.46785233974713,B
16,Cockburns Fine Ruby Port,79.92,232375.05000000045,93.50000949585709,B
16,Cruzan Black Cherry Rum,79.92,232454.97000000047,93.53216665196706,B
16,Cruzan Coconut Flavored Rum,79.92,232534.89000000048,93.56432380807702,B
16,Gallo Twin Valley Wh Znfdl C,79.92,232614.8100000005,93.59648096418697,B
16,Redwood Creek Chard Cal,79.92,232694.7300000005,93.62863812029694,B
16,Jim Beam Apple,79.2,232773.93000000052,93.6605055722978,B
16,Meiomi Pnt Nr,78.96,232852.8900000005,93.69227645626229,B
16,Irish Mist Honey Liqueur,77.97,232930.8600000005,93.72364899707678,B
16,Bacardi Mango Fusion,77.94,233008.8000000005,93.7550094668867,B
16,Freixenet Cordon Negro Brut,77.94,233086.74000000051,93.78636993669664,B
16,Richards Wild Irish Rose Red,77.87,233164.6100000005,93.8177022408293,B
16,Yellow Tail Shiraz Ausl,77.64,233242.25000000052,93.84894200059378,B
16,Peter Vella Chard Cal B/B,77.45,233319.70000000054,93.8801053106628,B
16,McClelland Highland Single,75.96,233395.66000000053,93.91066909417272,B
16,Silver Oak Cab Svgn Alex Vly,74.99,233470.65000000052,93.94084258186898,B
16,BV Beaurouge Red,74.95,233545.60000000053,93.97099997489252,B
16,Three Olives Loopy Vodka,74.95,233620.55000000054,94.00115736791608,B
16,Ch Ste Michelle Chard Colmbi,74.92,233695.47000000055,94.03130268993506,B
16,Moet & Chandon Imperial,73.98,233769.45000000056,94.06106978714496,B
16,Voga del Venezie Pnt Grigio,73.93,233843.38000000056,94.09081676601394,B
16,Schmitt Sohne QbA,73.92,233917.30000000057,94.12055972121475,B
16,Ruffino Orvieto Clsc,73.91,233991.21000000057,94.15029865274735,B
16,The Glenlivet Nadurra 16 Yr,72.99,234064.20000000056,94.17966740680724,B
16,Sauza Blanco Tequila,72.97,234137.17000000057,94.20902811353076,B
16,Beringer Classic Cab Svgn,72.93,234210.10000000056,94.23837272558154,B
16,Barefoot Sweet Red,72.88,234282.98000000056,94.26769721929142,B
16,Taylor Fladgate 10-Yr Tawny,71.97,234354.95000000056,94.29665555919675,B
16,Beringer Fndrs Est Cab Svgn,71.96,234426.91000000056,94.3256098754339,B
16,Kahlua Original Mudslide RTD,71.96,234498.87000000055,94.35456419167103,B
16,Smirnoff Cranberry Vodka,71.94,234570.81000000055,94.38351046057181,B
16,Estancia Chard,71.92999999999999,234642.74000000054,94.41245270580441,B
16,Conquista Malbec Mendoza,71.92,234714.66000000056,94.44139092736883,B
16,E & J Superior Rsv VSOP,71.37,234786.03000000055,94.47010784718324,B
16,Godiva Wh Chocolate Liqueur,69.97,234856.00000000055,94.49826145345217,B
16,Bonterra Cab Svgn Organic,69.95,234925.95000000056,94.52640701238475,B
16,Dr McGillicuddy's Grape,69.95,234995.90000000058,94.55455257131733,B
16,Mionetto Prosecco Brut,69.95,235065.8500000006,94.58269813024992,B
16,Apothic Dark,69.93,235135.78000000058,94.61083564184614,B
16,Geyser Peak Chard,69.93,235205.71000000057,94.63897315344232,B
16,Jadot Beaujolais Villages,69.93,235275.64000000057,94.66711066503854,B
16,Line 39 Cab Svgn Lake Cnty,69.93,235345.57000000056,94.69524817663475,B
16,Noilly Prat Extra Dry Vermou,69.93,235415.50000000055,94.72338568823096,B
16,Sebastiani Znfdl Sonoma Cnty,69.93,235485.43000000055,94.75152319982718,B
16,Hornitos Lime Shot Tequila,67.97,235553.40000000055,94.77887207245973,B
16,Prairie Organic Cucumber Vod,67.96000000000001,235621.36000000054,94.80621692142408,B
16,Hess Select Cab Svgn,67.96,235689.32000000053,94.83356177038846,B
16,99 Bananas,67.95,235757.27000000054,94.86090259568466,B
16,Joel Gott Cab Svgn 815,67.95,235825.22000000055,94.88824342098086,B
16,Rodney Strong Chard,67.95,235893.17000000057,94.91558424627705,B
16,Marcus James Merlot Mendoza,67.92,235961.09000000058,94.94291300056871,B
16,Ravenswood Vntrs Bl Cab Svgn,67.9,236028.99000000057,94.97023370752397,B
16,Dewars Special RSV 12-Yr,66.98,236095.97000000058,94.99718423700652,B
16,St Francis Chard,66.94,236162.9100000006,95.02411867181634,C
16,Goslings Black Seal Rum 80,65.96,236228.87000000058,95.05065878714433,C
16,Albola Pinot Grigio,65.94,236294.81000000058,95.07719085513595,C
16,Ice Box Manhattan,65.94,236360.75000000058,95.10372292312758,C
16,Sutter Home Clsc Chard,65.89,236426.6400000006,95.13023487277829,C
16,Harveys Bristol Cream Sherry,64.96000000000001,236491.6000000006,95.15637262128809,C
16,Cupcake Pnt Nr,64.92,236556.5200000006,95.18249427512515,C
16,Knappogue Castle Irish Whsky,63.98,236620.5000000006,95.20823770415312,C
16,Bacardi Party Drinks Bahama,63.96,236684.4600000006,95.23397308584471,C
16,Dom Chandon Brut Cuvee,63.96,236748.4200000006,95.25970846753631,C
16,Dom Chandon Rose Spklg,63.96,236812.3800000006,95.28544384922792,C
16,Landmark Overlook Chard,63.96,236876.34000000058,95.31117923091952,C
16,Layer Cake Cab Svgn,63.96,236940.30000000057,95.33691461261111,C
16,3 Blind Moose Pnt Grigio Cal,63.94,237004.24000000057,95.36264194696635,C
16,R M Woodbridge Pnt Grigio,63.94,237068.18000000058,95.38836928132159,C
16,Pepperwood Grove Chard,63.92,237132.1000000006,95.41408856834047,C
16,Taylor Lake Country Red,63.92,237196.0200000006,95.43980785535935,C
16,Vendange Merlot,63.92,237259.9400000006,95.46552714237822,C
16,Z-52 Znfdl Lodi Old Vines,63.92,237323.86000000063,95.49124642939711,C
16,M & R Extra Dry Vermouth,63.480000000000004,237387.34000000064,95.51678867501597,C
16,Rebel Reserve Bourbon,62.97,237450.31000000064,95.54212571355757,C
16,Amarula Cream Liqueur,62.97,237513.28000000064,95.56746275209916,C
16,Dubonnet Rouge,62.94,237576.22000000064,95.5927877196362,C
16,Mirassou Pnt Nr Cntrl Coast,62.93000000000001,237639.15000000063,95.61810866350507,C
16,DeKuyper Wh Cr de Menthe,62.93,237702.08000000063,95.64342960737393,C
16,Tribuno Sweet Vermouth,62.93,237765.01000000062,95.6687505512428,C
16,Casamigos Anejo,61.99,237827.0000000006,95.69369327030255,C
16,Dalwhinnie 15-Yr Single Mal,61.99,237888.9900000006,95.7186359893623,C
16,Stags Leap Chard Napa,61.980000000000004,237950.9700000006,95.74357468475388,C
16,La Crema Pnt Nr Sonoma Cst,61.97,238012.9400000006,95.76850935647728,C
16,Villa Cornaro Prosecco Del,61.95,238074.89000000063,95.79343598086433,C
16,Ruffino Chianti,61.92,238136.81000000064,95.81835053424682,C
16,Barenjager Honey Liqueur,61.88999999999999,238198.70000000065,95.84325301662477,C
16,Absolut Mandrin,60.97,238259.67000000065,95.86778532152998,C
16,Clayhouse Adobe Red Paso Rbl,60.95,238320.62000000066,95.89230957909882,C
16,Smirnoff Watermelon Vodka,60.95,238381.57000000068,95.91683383666766,C
16,Wild Turkey Russell's RSV,59.98,238441.5500000007,95.94096779842286,C
16,Campari,59.98,238501.5300000007,95.96510176017807,C
16,Forbidden Secret Wh Choc Cr,59.97,238561.5000000007,95.98923169826509,C
16,Midnight Moon Blueberry,59.97,238621.4700000007,96.0133616363521,C
16,Midnight Moon Strawberry,59.97,238681.4400000007,96.03749157443912,C
16,1800 Ultimate Margarita RTD,59.97,238741.4100000007,96.06162151252613,C
16,Rosatello Sw Sparkling Rose,59.96,238801.3700000007,96.08574742694495,C
16,Buehler Chard RRV,59.95,238861.3200000007,96.1098693176956,C
16,Fuki Sake,59.95,238921.27000000072,96.13399120844625,C
16,Wild Horse CC Chard,59.95,238981.22000000073,96.15811309919691,C
16,Apothic Winemakers White,59.94,239041.16000000073,96.18223096627939,C
16,Vendange Svgn Bl,59.94,239101.10000000073,96.20634883336186,C
16,Santa Rita 120 Cab Svgn,59.900000000000006,239161.00000000073,96.2304506057716,C
16,Layer Cake Malbec Mendoza,58.92,239219.92000000074,96.2541580586995,C
16,Gilbeys London Dry Trav,58.910000000000004,239278.83000000074,96.27786148795923,C
16,Desert Island Iced Tea,58.32,239337.15000000075,96.30132752079622,C
16,Jim Beam Choice,57.98,239395.13000000076,96.32465674891503,C
16,Aperol Liqueur,57.98,239453.11000000077,96.34798597703386,C
16,Fonseca Bin No 27,57.96,239511.07000000076,96.37130715781629,C
16,La Bastarda Pnt Gr Sicily,57.92,239568.99000000078,96.39461224392602,C
16,Freakshow Cab Svgn,56.97,239625.96000000078,96.41753508155846,C
16,Duckhorn Decoy Cab Svgn,56.92999999999999,239682.89000000077,96.44044182451816,C
16,14 Hands Hot to Trot Red,56.89,239739.78000000078,96.46333247280515,C
16,Barefoot Cellars Red Moscato,56.61,239796.39000000077,96.48611045838302,C
16,Small Batch 1792,55.98,239852.37000000078,96.50863495286545,C
16,Smugglers Notch Vodka,55.98,239908.3500000008,96.53115944734787,C
16,Bonterra Viognier Orgnic,55.96,239964.31000000078,96.55367589449394,C
16,Taylor Tawny Port,55.93,240020.24000000078,96.57618027063546,C
16,Sutter Home Cab Svgn,55.65,240075.89000000077,96.59857198406787,C
16,Estancia Cab Svgn Paso Roble,54.96,240130.85000000076,96.62068606439573,C
16,Svedka Strwbry Lemonad Vodka,54.95,240185.80000000077,96.64279612105543,C
16,Mouton Cadet Red Brdx,54.95,240240.7500000008,96.66490617771511,C
16,E & J Superior RSV VSOP,54.95,240295.7000000008,96.6870162343748,C
16,Christian Bros Dry Sherry,54.900000000000006,240350.6000000008,96.70910617269358,C
16,Ciroc Red Berry Vodka,53.98,240404.5800000008,96.73082593353963,C
16,Espolon Blanco Tequila,53.98,240458.5600000008,96.75254569438567,C
16,Bota Box Malbec,53.97,240512.5300000008,96.77426143156353,C
16,Kim Crawford Svgn Bl Marlbro,53.97,240566.50000000081,96.79597716874139,C
16,Jagermeister Spice,53.87,240620.3700000008,96.81765266923742,C
16,Patron XO Cafe Dark Cocoa,52.98,240673.35000000082,96.83897006326526,C
16,Stock Italian Sweet Vermouth,52.94,240726.29000000082,96.86027136262038,C
16,Calico Jack Silver Rum,51.96,240778.25000000081,96.88117834249368,C
16,Gekkeikan Black & Gold Sake,51.96,240830.2100000008,96.90208532236697,C
16,Gold Crown Wh Rum,51.96,240882.1700000008,96.92299230224025,C
16,Pinnacle Pineapple Vodka,51.96,240934.1300000008,96.94389928211353,C
16,Three Olives Grape Vodka,51.96,240986.09000000078,96.96480626198682,C
16,Stags Leap Artemis Cab Svgn,50.99,241037.08000000077,96.98532294604647,C
16,Espolon Reposado Tequila,50.98,241088.06000000078,97.00583560643793,C
16,Jenkins French Brandy,50.97,241139.03000000078,97.0263442431612,C
16,La Belle Orange Liqueur,50.97,241190.0000000008,97.04685287988448,C
16,14 Hands Cab Svgn Wash,50.95,241240.9500000008,97.0673534692714,C
16,New Amsterdam Pineapple Vdka,50.95,241291.9000000008,97.08785405865832,C
16,Sycamore Lane Chard Cal,50.94,241342.8400000008,97.10835062437707,C
16,Franciscan Cab Svgn Napa,49.98,241392.82000000082,97.12846091795033,C
16,Bacardi Torched Cherry Rum,49.96,241442.7800000008,97.14856316418724,C
16,Chi Chi's Skinny Margarita,49.94,241492.72000000082,97.16865736308777,C
16,St Francis Cab Svgn Sonoma,48.97,241541.69000000082,97.18836126617467,C
16,Don Julio Blanco Tequila,47.99,241589.6800000008,97.20767084977973,C
16,Grey Goose L'Orange Vodka,47.98,241637.66000000082,97.22697640971661,C
16,Grey Goose Le Citron Vodka,47.98,241685.64000000083,97.2462819696535,C
16,Seagrams VO Canadian Whiskey,47.97,241733.61000000083,97.26558350592221,C
16,Sterling Chard,47.97,241781.58000000083,97.28488504219091,C
16,Sandeman Fine Rich Madeira,47.97,241829.55000000083,97.3041865784596,C
16,Noble Vines 337 Cab Svgn,47.96,241877.51000000082,97.32348409106012,C
16,Casal Garcia Vinho Verde Wh,47.94,241925.45000000083,97.34277355632427,C
16,Kijafa Cherry,47.94,241973.39000000083,97.36206302158844,C
16,Peter Lehmann Shiraz,47.94,242021.33000000083,97.38135248685259,C
16,C Y Toro Frontera Merlot,46.95,242068.28000000084,97.40024360896675,C
16,R Mondavi Cab Svgn Pvt Sel,46.95,242115.23000000085,97.4191347310809,C
16,Taylor Cream Sherry,46.74,242161.97000000085,97.43794135616322,C
16,Forbidden Secret Dark Mocha,45.98,242207.95000000086,97.45644218246372,C
16,Sonoma-Cutrer Chard RRV,45.98,242253.93000000087,97.47494300876421,C
16,Dom Chandon Blanc de Noir C,45.97,242299.90000000087,97.49343981139653,C
16,Duboeuf Beaujolais Villages,45.96,242345.86000000086,97.51193259036066,C
16,Estancia Pnt Grigio Cal,45.96,242391.82000000085,97.5304253693248,C
16,Stock Italian X Dry Vermouth,45.94,242437.76000000085,97.54891010095257,C
16,Goldschlager Cinnamon Schna,45.769999999999996,242483.53000000084,97.56732643022124,C
16,Bowmore 12-Yr Scotch,44.99,242528.52000000083,97.58542891337171,C
16,Cuervo Silver Rolling Stones,44.97,242573.49000000083,97.60352334918583,C
16,Greg Norman Lmstn Cab/Merlot,44.97,242618.46000000084,97.62161778499997,C
16,Malibu Black,44.97,242663.43000000084,97.63971222081409,C
16,Sandeman Founders RSV Port,44.97,242708.40000000084,97.65780665662821,C
16,Yellow Tail Pnt Nr,44.97,242753.37000000084,97.67590109244234,C
16,Smirnoff Blueberry Vodka,44.870000000000005,242798.24000000083,97.69395529157464,C
16,14 Hands Merlot Wash,44.87,242843.11000000083,97.71200949070695,C
16,Bogle Essential Red,43.96,242887.07000000082,97.72969753603469,C
16,Skinnygirl Margarita,43.96,242931.0300000008,97.74738558136244,C
16,R Mondavi Pnt Nr Pvt Sel,43.95,242974.98000000083,97.76506960302201,C
16,Sambuca di Amore,43.95,243018.93000000084,97.78275362468158,C
16,Midori Melon Liqueur,43.48,243062.41000000085,97.80024853393661,C
16,Sauza Silver Tequila,42.97,243105.38000000085,97.81753823611434,C
16,George Dickel No 8 Bourbon,41.98,243147.36000000086,97.83442959514207,C
16,DeKuyper Watermelon Pucker,41.96,243189.32000000085,97.85131290683343,C
16,The Naked Grape Moscato,41.94,243231.26000000085,97.86818817118844,C
16,Covey Run Rsl Columbia Vly,41.93,243273.19000000085,97.88505941187525,C
16,Baileys Espresso Creme,40.59,243313.78000000084,97.90139148102568,C
16,Castello Del Poggio Moscato,40.46,243354.24000000083,97.91767124248975,C
16,Connemara Irish Whiskey,39.99,243394.23000000083,97.93376189154927,C
16,Powers Signature Release,39.99,243434.22000000082,97.9498525406088,C
16,Beringer Fndrs Est Chard,39.98,243474.20000000083,97.96593916600014,C
16,Ciroc Amaretto Vodka,39.98,243514.18000000084,97.98202579139148,C
16,Midnight Moon Moonshine,39.98,243554.16000000085,97.99811241678285,C
16,Petrone Limoncello,39.98,243594.14000000086,98.01419904217418,C
16,Four Vines Truant Znfdl,39.97,243634.11000000086,98.03028164389734,C
16,Barefoot Premium X-Dry,39.96,243674.07000000085,98.04636022195231,C
16,Redwood Creek Cab Svgn Cal,39.96,243714.03000000084,98.0624388000073,C
16,Beringer Classic Chard,39.96,243753.99000000083,98.07851737806226,C
16,Barefoot Bubbly Moscato,39.96,243793.95000000083,98.09459595611723,C
16,Barefoot Bubbly Brut Cve,39.96,243833.91000000082,98.11067453417222,C
16,19 Crimes Red,39.96,243873.8700000008,98.12675311222719,C
16,Stoli Mini Bar 5/50mLs Pack,39.95,243913.82000000082,98.142827666614,C
16,Vendange Wh Znfdl,39.95,243953.77000000083,98.15890222100079,C
16,Smirnoff Sorbet Rasp/Pomegra,39.82,243993.59000000084,98.17492446770123,C
16,Pacific Rim Rsl,39.75,244033.34000000084,98.1909185487244,C
16,Sauza Gold Tequila,39.6,244072.94000000085,98.20685227472482,C
16,Shady Fruit Real Ruby Red Gr,39.6,244112.54000000085,98.22278600072525,C
16,Herradura Reposado Tequila,38.99,244151.53000000084,98.23847428296658,C
16,L Martini Cab Svgn Sonoma,38.97,244190.50000000084,98.25415451787154,C
16,Three Olives Raspberry Vodk,38.97,244229.47000000085,98.26983475277652,C
16,Ch Ste Michelle Svgn Bl,38.96,244268.43000000084,98.28551096401328,C
16,Admiral Nelson Spiced Rum,37.98,244306.41000000085,98.30079285576825,C
16,Black Box Rsl,37.98,244344.39000000086,98.31607474752322,C
16,Pallini Limoncello Liqueur,37.98,244382.37000000087,98.33135663927817,C
16,Matua Svgn Bl Marlboro,37.97,244420.34000000087,98.34663450736494,C
16,Ronrico Silver Traveler,37.94,244458.28000000087,98.36190030444718,C
16,The Botanist Islay Dry Gin,36.99,244495.27000000086,98.37678385305212,C
16,Absente 'Absinthe Refined',35.99,244531.26000000085,98.39126503483887,C
16,Tanqueray Rangpur Gin,35.99,244567.25000000084,98.40574621662563,C
16,Kahlua White Russian RTD,35.98,244603.23000000085,98.4202233747442,C
16,Lillet White French Aperiti,35.98,244639.21000000086,98.43470053286276,C
16,R Mondavi Privt Slct Chard,35.98,244675.19000000088,98.44917769098136,C
16,Stolichnaya Blueberi,35.98,244711.1700000009,98.46365484909992,C
16,UV Blue Raspberry Vodka,35.98,244747.1500000009,98.47813200721849,C
16,Clean Slate Rsl Mosel,35.97,244783.1200000009,98.49260514166889,C
16,Mionetto Il Prosecco Spklg,35.97,244819.0900000009,98.50707827611927,C
16,R Mondavi Chard Pvt Sel,35.96,244855.0500000009,98.52154738690149,C
16,After Shock Hot & Cool Cinmn,35.82,244890.8700000009,98.53596016632915,C
16,Yellow Tail Cab Svgn Ausl,35.8,244926.6700000009,98.55036489842044,C
16,Courvoisier VSOP Cognac,34.99,244961.66000000088,98.564443713389,C
16,J & B Rare,34.99,244996.65000000087,98.57852252835755,C
16,Falesco Vitiano Umbria,34.95,245031.60000000088,98.59258524865339,C
16,Plymouth Gin,33.99,245065.59000000087,98.60626169680374,C
16,Don Q Cristal Rum,33.98,245099.57000000088,98.61993412128595,C
16,Fabrizia Limoncello,33.98,245133.5500000009,98.63360654576813,C
16,Kendall Jackson Pnt Nr Vtnr,33.98,245167.5300000009,98.64727897025033,C
16,La Crema Chard Sonoma Cst,33.98,245201.5100000009,98.6609513947325,C
16,Sauza Blue Silver,33.98,245235.49000000092,98.67462381921472,C
16,Bacardi Coco Rum,33.97,245269.46000000092,98.68829222002871,C
16,Heidsieck Brut Monopole Epe,32.99,245302.4500000009,98.70156630136088,C
16,Fat Bastard Chard,32.97,245335.42000000092,98.7148323353567,C
16,Skinnygirl Cosmopolitan,32.97,245368.39000000092,98.72809836935251,C
16,Smirnoff Kissed Caramel,32.97,245401.36000000092,98.74136440334833,C
16,Choco Lat Liqueur,32.97,245434.33000000092,98.75463043734413,C
16,Blackstone Cab Svgn Cal,32.97,245467.30000000092,98.76789647133995,C
16,Blackstone Pnt Nr Monterey,32.97,245500.27000000092,98.78116250533576,C
16,Yellow Tail Merlot Ausl,32.89,245533.16000000093,98.79439634998612,C
16,Smirnoff Blue 100 Proof,31.98,245565.14000000095,98.80726404083191,C
16,Cruzan Blueberry Lemonade,31.97,245597.11000000095,98.82012770800954,C
16,Jenkins Melon Liqueur,31.96,245629.07000000094,98.83298735151897,C
16,Pacific Rim Sweet Rsl,31.8,245660.87000000093,98.8457826163375,C
16,Angeline Pnt Nr Rsv,30.979999999999997,245691.85000000094,98.8582479403651,C
16,Monkey Shoulder Scotch,29.99,245721.84000000093,98.87031492124271,C
16,Sogno di Sorrento Crema Lem,29.99,245751.83000000092,98.8823819021203,C
16,St Supery Cab Svgn,29.99,245781.8200000009,98.89444888299788,C
16,Peter Vella Sangria B/B,29.98,245811.80000000092,98.90651184020732,C
16,Vat 69 Gold,29.98,245841.78000000093,98.91857479741672,C
16,Ch Ste Michelle Rsl,29.97,245871.75000000093,98.93063373095796,C
16,Redwood Creek Pnt Nr Cal,29.97,245901.72000000093,98.94269266449919,C
16,Bols Brown Creme de Cacao,29.97,245931.69000000093,98.95475159804043,C
16,Santa Rita 120 Svgn Bl,29.950000000000003,245961.64000000095,98.96680248424529,C
16,Ciroc Coconut Vodka,28.99,245990.63000000094,98.9784670983047,C
16,Ciroc Snap Frost Vodka,28.99,246019.62000000093,98.9901317123641,C
16,Gr Marnier Raspberry Peach,28.99,246048.61000000092,99.00179632642352,C
16,DeKuyper Razzmatazz,28.97,246077.58000000092,99.01345289314655,C
16,Burnett's Peach Vodka,28.71,246106.2900000009,99.02500484449685,C
16,Tanqueray Ten Gin,27.99,246134.2800000009,99.03626709173807,C
16,Jose Cuervo Light Margaritas,27.98,246162.2600000009,99.04752531531109,C
16,Sterling Svgn Bl,27.98,246190.24000000092,99.05878353888414,C
16,99 Apples Schnapps Liqueur,27.98,246218.22000000093,99.07004176245717,C
16,Cuervo Watermelon Margaritas,27.98,246246.20000000094,99.0812999860302,C
16,La Vieille Ferme Wh Rhone,27.96,246274.16000000093,99.09255016226686,C
16,Four Roses Bourbon,26.99,246301.15000000093,99.10341004268989,C
16,Patron XO Cafe Liqueur,26.99,246328.14000000092,99.1142699231129,C
16,Sauza Blue Silver Tequila,26.99,246355.1300000009,99.12512980353591,C
16,C Y Toro Frontera Pnt Grigio,26.97,246382.1000000009,99.13598163662256,C
16,Phillips Earthquake Ld Znfdl,25.99,246408.0900000009,99.1464391502274,C
16,Bacardi Black Razz,25.98,246434.0700000009,99.15689264016403,C
16,Villa Maria Svgn Bl Pvt Bin,25.98,246460.05000000092,99.1673461301007,C
16,Zardetto Prosecco Conegliano,25.98,246486.03000000093,99.17779962003733,C
16,Calico Jack Pin/Coc Rum,25.98,246512.01000000094,99.18825310997399,C
16,Rocca Delle Macie Chianti C,25.98,246537.99000000095,99.19870659991065,C
16,Clos du Bois Pnt Grigio Cal,25.98,246563.97000000096,99.20916008984729,C
16,Ruffino Lumina Pnt Grigio,25.97,246589.94000000096,99.21960955611576,C
16,Mr Boston Creme de Menthe Gr,25.96,246615.90000000095,99.23005499871603,C
16,Smirnoff Orange Vodka,25.86,246641.76000000094,99.24046020463449,C
16,Wicked 87 Whiskey,25.740000000000002,246667.50000000093,99.25081712653476,C
16,Canadian Mist Traveler,24.97,246692.47000000093,99.26086422598503,C
16,Three Olives Blueberry Vodka,24.75,246717.22000000093,99.2708228047353,C
16,Meukow VS Cognac,24.49,246741.71000000092,99.28067676811284,C
16,Grey Goose Cherry Noir Vodka,23.99,246765.7000000009,99.29032954808127,C
16,Grey Goose La Poire Vodka,23.99,246789.6900000009,99.29998232804971,C
16,Margaritaville Gold Tequila,23.98,246813.67000000092,99.30963108434997,C
16,Three Olives Chocolate Vodka,23.98,246837.65000000093,99.31927984065024,C
16,Melini Chianti DOCG Riserva,23.98,246861.63000000094,99.3289285969505,C
16,Forefront Pine Ridge Znfdl,23.98,246885.61000000095,99.33857735325076,C
16,Cavit Pinot Noir Delle Vene,23.98,246909.59000000096,99.34822610955104,C
16,Bonterra Mendocino Org Chard,23.98,246933.57000000097,99.35787486585129,C
16,Vendange Chard,23.97,246957.54000000097,99.36751959848337,C
16,Yellow Tail Pnt Grigio Ausl,23.939999999999998,246981.48000000097,99.3771522601109,C
16,Crown Royal Mini,23.92,247005.40000000098,99.38677687440207,C
16,Taylor Dry Sherry,23.37,247028.77000000098,99.39618018694323,C
16,M Chiarlo Moscato D'Asti Ni,22.98,247051.750000001,99.40542657642531,C
16,Vanya Light Vodka,22.869999999999997,247074.62000000098,99.41462870555736,C
16,Serpent's Bite Cider Whiskey,22.77,247097.39000000097,99.42379059800761,C
16,Chopin Vodka,21.99,247119.38000000097,99.43263864433966,C
16,Pendleton Limited Edition,21.99,247141.37000000096,99.44148669067172,C
16,Skinnygirl Mojito RTD,21.98,247163.35000000097,99.4503307133356,C
16,Sharpe Hill Ballet of Angel,21.98,247185.33000000098,99.45917473599947,C
16,Kendall Jackson RSV Svgn Bl,21.98,247207.310000001,99.46801875866335,C
16,St Elder Elderflower Liqueur,21.95,247229.260000001,99.4768507103227,C
16,Skyy Infusions Grapefuit,21.78,247251.040000001,99.48561425962292,C
16,Smirnoff Watermelon,21.78,247272.820000001,99.49437780892316,C
16,Kahlua French Vanilla,20.99,247293.810000001,99.50282348843702,C
16,Christian Bros VS Brandy,20.98,247314.790000001,99.5112651442827,C
16,Menage a Trois White,20.98,247335.770000001,99.51970680012839,C
16,R M Woodbridge Chard,20.98,247356.75000000102,99.52814845597408,C
16,DK Burst Blustery Peppermint,20.79,247377.54000000103,99.5365136621243,C
16,Reyka Vodka,19.99,247397.53000000102,99.54455697481997,C
16,Midnight Moon Cherry,19.99,247417.520000001,99.55260028751563,C
16,Rodney Strong Chalk Hill Cha,19.99,247437.510000001,99.5606436002113,C
16,Pama Pomegranate Liqueur,19.99,247457.500000001,99.56868691290698,C
16,Hammer & Sickle Vodka,19.99,247477.49000000098,99.57673022560263,C
16,Duckhorn Decoy Pnt Nr,19.99,247497.48000000097,99.58477353829831,C
16,Decoy by Duckhorn Red Sonoma,19.99,247517.47000000096,99.59281685099398,C
16,Capt Morgan White PET,19.99,247537.46000000095,99.60086016368965,C
16,Apothic Crush,19.98,247557.44000000096,99.60889945271714,C
16,Bols White Creme De Cacao,19.98,247577.42000000097,99.61693874174463,C
16,C Y Toro Casa Diblo Cab Svgn,19.98,247597.40000000098,99.62497803077211,C
16,Geyser Peak Svgn Bl,19.98,247617.380000001,99.63301731979962,C
16,Santa Rita RSV Svgn Bl,19.98,247637.360000001,99.64105660882711,C
16,St Germain Liqueur,19.950000000000003,247657.31000000102,99.64908382685005,C
16,Kahlua Mocha,18.99,247676.300000001,99.65672477272753,C
16,Sterling Cab Svgn,18.99,247695.290000001,99.66436571860501,C
16,Maurice's Mentholated Mint,18.810000000000002,247714.100000001,99.67193423845521,C
16,El Toro Gold,18.58,247732.68000000098,99.67941021393722,C
16,Absolut Apeach,17.99,247750.67000000097,99.68664879299651,C
16,Bota Box RedVolution,17.99,247768.66000000096,99.69388737205578,C
16,Oh Schist Rsl,17.98,247786.64000000097,99.70112192744689,C
16,Tribuno Dry Vermouth,17.98,247804.62000000098,99.708356482838,C
16,Nathanson Creek Cab Svgn,17.98,247822.600000001,99.71559103822912,C
16,Nathanson Creek Merlot,17.98,247840.580000001,99.72282559362021,C
16,Andre Extra Dry,17.97,247858.550000001,99.73005612534314,C
16,American Harvest Organic,16.99,247875.540000001,99.73689233758424,C
16,Ferrari-Carano Fume Bl,16.99,247892.530000001,99.74372854982532,C
16,Flag Hill Sugar Maple Liquer,16.99,247909.52000000098,99.7505647620664,C
16,Licor 43 Vanilla Liqueur,16.99,247926.51000000097,99.7574009743075,C
16,Pinnacle Grape Vodka,16.99,247943.50000000096,99.76423718654858,C
16,Tia Maria Coffee Liqueur,16.99,247960.49000000095,99.77107339878968,C
16,Gallo Sweet Vermouth,16.47,247976.96000000095,99.77770038028531,C
16,Frei Bros RSV Chard RRV,15.99,247992.95000000094,99.7841342257082,C
16,Il Tramonto Limoncello,15.99,248008.94000000093,99.7905680711311,C
16,Kendall Jackson Grand Rsv Ch,15.99,248024.93000000092,99.797001916554,C
16,Di Padrino Dry Vermouth,15.98,248040.91000000093,99.80343173830872,C
16,Goslings Dark'N Stormy RTD,15.98,248056.89000000095,99.80986156006344,C
16,Red Diamond Merlot Wash,15.9,248072.79000000094,99.8162591924727,C
16,Pearl Cucumber Vodka,15.84,248088.63000000094,99.82263268287288,C
16,Paul Masson Red Berry Brandy,15.84,248104.47000000093,99.82900617327304,C
16,Taylor Sherry,15.58,248120.05000000092,99.83527504830049,C
16,Yago Sant'Gria Red,14.98,248135.03000000093,99.84130250323702,C
16,Chambord Liqueur de France,14.950000000000001,248149.98000000094,99.847317887169,C
16,Carlo Rossi Spanada Sangria,13.98,248163.96000000095,99.85294297528733,C
16,La Vieille Ferme Rose Vntoux,13.98,248177.94000000096,99.85856806340567,C
16,Grind Espresso Shot,13.86,248191.80000000095,99.86414486750581,C
16,Skyy Infusions Blueberry,13.86,248205.66000000093,99.86972167160596,C
16,Clos du Bois Pnt Nr Cal,12.99,248218.65000000093,99.87494841657428,C
16,Clos du Bois Svgn Bl N Cst,12.99,248231.64000000092,99.88017516154261,C
16,Hess Select Chard,12.99,248244.6300000009,99.88540190651091,C
16,Malibu Tropical Banana Rum,12.99,248257.6200000009,99.89062865147923,C
16,St Remy VSOP Authentic Brndy,12.99,248270.6100000009,99.89585539644756,C
16,Santa Cristina Toscana,11.99,248282.60000000088,99.90067977459769,C
16,Bonterra Svgn Bl Organic,11.99,248294.59000000087,99.9055041527478,C
16,Sandeman Tawny Port,11.99,248306.58000000086,99.91032853089793,C
16,Canella Bellini Fusion,11.98,248318.56000000087,99.91514888537988,C
16,Franciscan Est Chard Napa,11.98,248330.54000000088,99.91996923986184,C
16,Capt Morgan White Grapefruit,11.879999999999999,248342.4200000009,99.92474935766197,C
16,Mouton Cadet White Brdx,10.99,248353.41000000088,99.9291713689939,C
16,Pinnacle Caramel Apple Vodka,10.99,248364.40000000087,99.93359338032583,C
16,Santa Rita RSV Cab Svgn,10.99,248375.39000000086,99.93801539165777,C
16,Skinnygirl W Peach Margarita,10.99,248386.38000000085,99.94243740298971,C
16,Smirnoff Sorbet Pine/Coconut,10.99,248397.37000000084,99.94685941432164,C
16,Cavit Prosecco Lunetta,9.99,248407.36000000083,99.95087905883537,C
16,New Amsterdam Peach Vodka,9.99,248417.35000000082,99.95489870334912,C
16,Rosemount Diamond Cab Svgn,9.99,248427.3400000008,99.95891834786286,C
16,Sterling Vintners CA Meritag,8.99,248436.3300000008,99.96253562555842,C
16,Excelsior S Afr Cab Svgn,8.99,248445.3200000008,99.96615290325394,C
16,Clos du Bois Merlot N Cst,8.99,248454.31000000078,99.9697701809495,C
16,C Y Toro Frontera Svgn Bl,8.99,248463.30000000077,99.97338745864505,C
16,Pearl Vodka,8.91,248472.21000000078,99.97697254699514,C
16,Terrazas Alto Malbec Argn,8.49,248480.70000000077,99.9803886412816,C
16,Crystal Head Vodka,7.99,248488.69000000076,99.98360355215895,C
16,Nathanson Creek Chard,7.99,248496.68000000075,99.98681846303631,C
16,Tracia Malbec,5.99,248502.67000000074,99.98922864027728,C
16,Bacardi Dragon Berry,5.94,248508.61000000074,99.99161869917735,C
16,Smirnoff Sorbet Mango/Pasion,5.9399999999999995,248514.55000000075,99.99400875807741,C
16,Crown Royal No Harvest Rye,3.98,248518.53000000076,99.99561017801382,C
16,Stolichnaya Chocolat Kokonut,3.96,248522.49000000075,99.99720355061386,C
16,DeKuyper Cane Trial Pack,2.99,248525.48000000074,99.99840662740026,C
16,Bacardi Coconut,2.97,248528.45000000074,99.99960165685029,C
16,Kinky Vodka,0.99,248529.44000000073,100.0000000000003,C
